{
  "id": 934,
  "dataset": "2019",
  "baseline": {
    "count": 14,
    "cat_match": 0.23809523809523808,
    "time_match": 0.9285714285714286,
    "json_ok": 0.9285714285714286
  },
  "vimn": {
    "count": 14,
    "cat_match": 0.3181818181818182,
    "time_match": 0.2857142857142857,
    "json_ok": 0.2857142857142857
  },
  "delta": {
    "cat_match": 0.0800865800865801,
    "time_match": -0.6428571428571429,
    "json_ok": -0.6428571428571429
  }
}